entry_date,branch_name,time
1772037178,xHeaven,4.61477997232
1772054693,gere-lajos,4.84002590414
1772047319,seyfer,4.8540343525
1772043795,Ashler2,5.00006866996
1772043047,arthurcolle,5.76877958498
1772018583,lampelk,6.13015252492
1771968699,kemo,6.4549735609
1772038133,alexandre-daubois,6.64232726082
1772035593,azjezz,6.9877448478
1772043291,HotelMoted,11.18525356522
1772058164,Kocal,12.06157580554
1772015263,Trukken,12.13374182528
1771940820,dylanbr,12.31953826386
1772066689,lrsaturnino,12.58167775836
1772065588,DBarney,13.45141704176
1772025185,ezani92,13.54478919082
1772038058,jmarcher,14.28197869868
1772061410,marcinjagielnicki,15.84976656738
1772059595,runyan-co,17.06597361324
1772010206,1stevengrant,19.74187713176
1772070804,DavidBuchanan314,20.0046222816
1772055775,juanmacuevas,20.75277046804
1772039913,ralphsaunders,22.23344936414
1772062154,pvujic,23.08068204088
1772061799,joecampo,23.60716340418
1772038380,mike-kostov,26.52953648666
1772032798,yankewei,26.72179362604
1772038290,scornelissen88,29.78058930754
1772054531,sratabix,32.211294174194
1772046474,camilleislasse,32.639719963074
1772065493,calavera,32.845679998398
1772057066,NielsJanssen,34.14216617922
1772055888,past-one,35.67945221518
1772048954,dannyvankooten,35.69474690672
1772059494,bram-pkg,37.02271283496
1771950869,moebrowne,38.05678368726
1772056120,null-patcher,38.57457556908
1771950446,adevade,39.2950680192
1772039483,anvanza,39.47387832286
1772046999,murilomagalhaes,40.03822260328
1772046715,NoNoNo,40.89885820956
1772037405,ChesterSA,41.46085305064
1771982662,Bapawe,43.04418288422
1772023950,brendt,44.7059684108
1772046863,cfinke,45.53826013918
1772061957,MaximeBrean,46.35414163044
1771936274,juststeveking,46.43286761198
1772037284,afu-dev,46.478013038635
1772039642,fabpl,47.06631850902
1772043225,nicklasmoeller,47.352383043
1772015440,iLexN,48.59468870502
1772039824,torbentee,49.207211971283
1772006099,theoxskyl,53.54270345622
1771953627,RemcoSmitsDev,53.60619750962
1772022064,HelixForge,57.248598814011
1772021510,dipesh79,60.13882764768
1772011772,Krisseck,60.54034618618
1772024434,reinierkors,62.90390920639
1772050421,pooley182,101.38493394852
1772050329,marcosmarcolin,329.14807295799
